Kutsu;Vastattu;Tulossa;Link
ajatommi.wedding/registration/MTE=
V7mD3t2r0pgYpDtVowrm;false;false;https://monikajatommi.wedding/registration/VjdtRDN0MnIwcGdZcER0Vm93cm0=
tomika;true;true;https://monikajatommi.wedding/registration/dG9taWth
monikacvachova;false;false;https://monikajatommi.wedding/registration/bW9uaWthY3ZhY2hvdmE=
tomika123;false;false;https://monikajatommi.wedding/registration/dG9taWthMTIz
tomika2;true;true;https://monikajatommi.wedding/registration/dG9taWthMg==
tomika3;false;false;https://monikajatommi.wedding/registration/dG9taWthMw==
veikkotest;true;true;https://monikajatommi.wedding/registration/dmVpa2tvdGVzdA==
tommitest862024;false;false;https://monikajatommi.wedding/registration/dG9tbWl0ZXN0ODYyMDI0
